tweet_id,timestamp,text,tags
756568912691601410,2016-07-22 19:17:39 +0000,"¡Bienvenido, amigo! We value our enduring partnership with Mexico &amp; will work to strengthen it in the years to come. https://t.co/mjlABSm7jF","[tweet, president, 2016]"
711649199243177984,2016-03-20 20:22:45 +0000,"¿Que bolá Cuba? Just touched down here, looking forward to meeting and hearing directly from the Cuban people.",
603973676975939585,2015-05-28 17:18:40 +0000,. @Jamesthe4tress Already expanded Pell Grants and capped student loan interest rates; now want to make 2 yrs of community college free.,"[tweet, president, reply]"
603976299246321664,2015-05-28 17:29:05 +0000,.@apat246 @chicagobulls love thibs and think he did a great job. Sorry to see him go but expect he will be snatched up soon by another team.,"[tweet, president, reply]"
603975267422380033,2015-05-28 17:24:59 +0000,".@arianastover Kids instinctively understand importance of environment, impact on animals, health. Weave it into science and social studies","[tweet, president, reply]"
603969716261036032,2015-05-28 17:02:56 +0000,.@BigBennyFL 2/ But since we can't prevent oil exploration completely in region we're setting the highest possible standards,"[tweet, president, reply]"
603969986730708992,2015-05-28 17:04:00 +0000,.@BigBennyFL 3/ already rejected Shell's original proposal as inadequate which shows we're serious.,"[tweet, president, reply]"
603968065240313859,2015-05-28 16:56:22 +0000,.@calebmegajew the science is overwhelming but what will move Congress will be public opinion. Your voices will make them open to facts.,"[tweet, president, reply]"
601844801672257536,2015-05-22 20:19:17 +0000,.@DrFahmida tell your niece I really like her letter. Couldn't agree more!,"[tweet, president, reply]"
603970422636290048,2015-05-28 17:05:44 +0000,.@drock89 as @Pontifex and other religious leaders have stated we have a moral obligation to the most vulnerable and the next generation.,"[tweet, president, reply]"
603971008328957953,2015-05-28 17:08:04 +0000,.@gkermmm 1/ TPP is still being negotiated! But legislation requires the full text for 60 days before I sign.,"[tweet, president, reply]"
603974634510233600,2015-05-28 17:22:28 +0000,".@HtetWint renewable energy key, already increased solar 10x and wind 3x, now need to invest more in r&amp;d and provide regulatory incentives","[tweet, president, reply]"
603971948180176896,2015-05-28 17:11:48 +0000,.@NathenVieira jr smith having a great season but the heart of the Cavs is Lebron. And no one can outshoot Curry - maybe Korver if wide open,"[tweet, president, reply]"
601841646020464640,2015-05-22 20:06:44 +0000,".@rebsteve really enjoyed stopping by today. I had fun singing Shabbat Shalom with the PreK class downstairs, too! http://t.co/6b8CrXSgMt","[tweet, president, reply]"
603975856466198528,2015-05-28 17:27:20 +0000,.@ZCarlander agreement with China big and will be working w Brazil to develop their plans. We will all need to do more with US leading,"[tweet, president, reply]"
603972926287708160,2015-05-28 17:15:41 +0000,".@ZCarlander more severe weather events lead to displacement, scarcity, stressed populations; all increase likelihood of global conflict.","[tweet, president, reply]"
643440607721992192,2015-09-14 15:06:10 +0000,"""@FAFSA"" might be hard to say, but filling it out can help you pay for college. FLOTUS, you're up! #5TimesFAFSA http://t.co/y1Jv8aeGUH","[tweet, president, reply]"
603971215372361728,2015-05-28 17:08:53 +0000,"@.gkermmm 2/ after I sign agreement, Congress will have months of debate before a vote. Nothing secret about it.","[tweet, president, reply]"
603968878058676225,2015-05-28 16:59:36 +0000,"@BigBennyFL 1/ We've shut off drilling in the most sensitive arctic areas, including Bristol Bay.","[tweet, president, reply]"
603973127383580672,2015-05-28 17:16:29 +0000,"@HLF3267 In fact new trade deal with have the strongest enforceable environmental provisions in history, raising standards across Asia.","[tweet, president, reply]"
768871824885026817,2016-08-25 18:05:02 +0000,"100 years and going strong. Thanks @NatlParkService for your service, so our kids enjoy our parks as much as we have https://t.co/1v3W2HLD6f","[tweet, president, reply, 2016]"
656889814201991168,2015-10-21 17:48:30 +0000,120 Americans die every day from drug overdoses - most involving legal prescription drugs. That's more than from car crashes.,
614108370832891904,2015-06-25 16:30:19 +0000,129 million Americans with pre-existing conditions can no longer be denied health coverage.,
700318872147066880,2016-02-18 14:00:05 +0000,"14 months ago, I announced that we would begin normalizing relations with Cuba - and we've already made significant progress.","[tweet, president, 2016]"
642327755221299200,2015-09-11 13:24:05 +0000,"14 years after the terrorist attacks of 9/11, we honor those we lost. We salute all who serve to keep us safe. We stand as strong as ever.",
674620408642084865,2015-12-09 16:03:33 +0000,"150 years since the abolition of slavery, a turning point in our history. Progress - that's our story.",
625411767414444032,2015-07-26 21:05:59 +0000,"25 years of the ADA and Americans with disabilities are breaking more barriers than ever, making all of us more free. Let's keep going.",
656891501520130048,2015-10-21 17:55:13 +0000,4 in 5 heroin users started out by misusing prescription opioids. Heroin-related deaths nearly quadrupled between 2002 and 2013.,
755043199731675137,2016-07-18 14:15:01 +0000,44 men came home because Chuck Kettles believed that we leave no man behind. That's America at our best. https://t.co/UymO2AaRHg,"[tweet, president, 2016]"
629341526439653377,2015-08-06 17:21:27 +0000,"50 years ago today, President Johnson signed the Voting Rights Act into law, securing the right to vote for millions of African Americans.",
643882148315951104,2015-09-15 20:20:41 +0000,"7 years ago today, Lehman Brothers filed for bankruptcy, setting off the worst financial crisis in decades. Here's how far we've come:",
710599731827834880,2016-03-17 22:52:33 +0000,A great example of how tech can make our democracy stronger. Thanks for answering the call to serve. https://t.co/dFU57cuxo8,
615887901654675456,2015-06-30 14:21:33 +0000,A hard day's work deserves a fair day's pay. That's why I'm announcing my plan to extend overtime protections. https://t.co/MrV56vTNa9,
684862266978742272,2016-01-06 22:21:03 +0000,"About time, Denis! Welcome. Let me know if you need any pointers. https://t.co/WullueHj28",
671365993399255040,2015-11-30 16:31:40 +0000,"Addressing climate change takes all of us, especially the private sector going all-in on clean energy worldwide. https://t.co/qQ6wCZUR1Z",
748620897309757440,2016-06-30 20:55:05 +0000,"After more than 100 days, the Supreme Court still needs its 9th judge, but the Senate GOP refuses to do its job and consider Judge Garland.","[tweet, president, 2016]"
687699148468977665,2016-01-14 18:13:48 +0000,"Alright everyone, this was a lot of fun. Thanks for the great conversation. i'll be back soon!",
616334258697859073,2015-07-01 19:55:12 +0000,"Alright, let's do this. Ready to answer your health care questions. Keep 'em coming with #AskPOTUS. http://t.co/wK8RDF2H0i",
621081946236563456,2015-07-14 22:20:49 +0000,"America is home to 5% of the world's population, but 25% of the world's prisoners.",
621083313063763968,2015-07-14 22:26:15 +0000,America keeps more people behind bars than the top 35 European countries combined.,
689841261902098432,2016-01-20 16:05:48 +0000,"American automakers have added more than 640,000 jobs since mid-2009 – the strongest job growth on record. https://t.co/kLruJgpZI1",
748621170015076352,2016-06-30 20:56:10 +0000,Americans still need and are asking Congress to pass commonsense gun laws that strengthen background checks and keep our communities safe.,"[tweet, president, 2016]"
636923084818259968,2015-08-27 15:27:51 +0000,"Amidst global volatility, Congress should protect the momentum of our growing economy (not kill it). We must avoid shutdown / austerity.",
601082858497830913,2015-05-20 17:51:35 +0000,An honor to address the Coast Guard class of 2015. Confident they'll help us meet big challenges like climate change. http://t.co/1z4fteA1YJ,
708343852470435840,2016-03-11 17:28:29 +0000,"At #SXSW, I'll make the case that tech and innovation can make government work better for everyone. Here's how it's working better already:",
605803300093452289,2015-06-02 18:28:56 +0000,Awarded two Medals of Honor today for acts of bravery a century ago. We honor our heroes no matter how long it takes. http://t.co/AYazTecZpB,
763744742072913920,2016-08-11 14:31:50 +0000,"Been waiting to drop this: summer playlist, the encore. What's everybody listening to? https://t.co/mqh1YVrycj","[tweet, president, 2016]"
629342056876503040,2015-08-06 17:23:33 +0000,"Before 1965, African Americans faced poll taxes, literacy tests, or having to count jellybeans in a jar when they tried to register to vote.",
687692019372707840,2016-01-14 17:45:28 +0000,"Before I start, wanted to share this. Liberia is now Ebola-free. Great example of what we can achieve when we lead. https://t.co/qjVcwg8tIi",
720416675196223488,2016-04-14 01:01:34 +0000,"Big night of basketball - @Warriors chasing 73 and a farewell for an
all-timer, @KobeBryant. NBA fans feeling like: https://t.co/hvno2ZO5b0",
782970909229326336,2016-10-03 15:49:46 +0000,Bringing a little Austin to the South Lawn today. https://t.co/qCXwVI0uLH https://t.co/nTb10I3GHP,"[tweet, president, 2016]"
648543480277544960,2015-09-28 17:03:09 +0000,But this isn't just about what I can do as President. Every single one of us - from citizens to NGOs - can help refugees find safe haven.,
616339969125302276,2015-07-01 20:17:54 +0000,butler's a great player on o and d; let's sign him up long term. go bulls! https://t.co/IqbyUmcbmJ,
745327295544569856,2016-06-21 18:47:29 +0000,"By giving him its highest rating, the American Bar Association confirms what we all know: Judge Garland should serve on the Supreme Court.","[tweet, president, 2016]"
689842173999640576,2016-01-20 16:09:25 +0000,Cars and trucks made in the USA are more fuel efficient than ever before – and still the best in the world.,
693841529169952768,2016-01-31 17:01:26 +0000,Cedrick; way to go on your perfect score! How about you come by the next White House Science Fair? https://t.co/r8TGIJICh7,
789598150541635588,2016-10-21 22:44:03 +0000,Check out my newest science advisors! These kids are fearless in using science to tackle our toughest problems. Thanks for the inspiration. https://t.co/qe7h3IfTTZ,"[tweet, president, 2016]"
787047018606784512,2016-10-14 21:46:46 +0000,"Clearly, we still have more to do to prevent sexual assault and the thinking that leads to it. That starts with us: https://t.co/9PRZB451fS","[tweet, president, 2016]"
656893143015526404,2015-10-21 18:01:44 +0000,Communities are showing that we should approach substance use disorders as an opportunity to intervene rather than a race to incarcerate.,
654094154176315392,2015-10-14 00:39:33 +0000,Congrats @Cubs - even @whitesox fans are rooting for you!,
655044746759438336,2015-10-16 15:36:52 +0000,Congrats @HokuleaWWV on reaching Africa—midpoint of worldwide voyage to spread message of caring for the one planet we've got. #MalamaHonua,
753403382744780800,2016-07-14 01:38:58 +0000,"Congrats Carla Hayden, our newest Librarian of Congress! Her confirmation is certainly one for the history books.
https://t.co/5T8rvSRp9e","[tweet, president, 2016]"
677222716303364098,2015-12-16 20:24:12 +0000,"Congrats on a great career, Abby Wambach. For the goals you’ve scored &amp; the kids you’ve inspired, you’re the GOAT! https://t.co/Kud56ChsBO",
718579793919238144,2016-04-08 23:22:28 +0000,Congrats SpaceX on landing a rocket at sea. It's because of innovators like you &amp; NASA that America continues to lead in space exploration.,
610820023968514048,2015-06-16 14:43:36 +0000,Congrats to my hometown @NHLBlackhawks on 3 titles in 6 years - we'll see you and The Cup at the White House!,
770297035274584068,2016-08-29 16:28:19 +0000,Congrats to NASA and the scientists taking us a step closer to Mars. Now enjoy Hawaii and get a shave ice! https://t.co/lFZjSnn38x,"[tweet, president, 2016]"
622091025541136384,2015-07-17 17:10:33 +0000,Congrats to Oregon on passing two years of free community college! Every hardworking student deserves access to higher education.,
720476914243280896,2016-04-14 05:00:56 +0000,"Congrats to the @Warriors, a great group of guys on and off the court. If somebody had to break the Bulls' record, I'm glad it's them.",
616057454430957572,2015-07-01 01:35:17 +0000,Congrats to the #USWNT! Can't wait for the finals. You make us all proud!,
770050438578184192,2016-08-29 00:08:26 +0000,"Congratulations to Maine-Endwell, Little League World Series Champs and still undefeated! Proud of you and the sportsmanship you showed.","[tweet, president, 2016]"
786598777482153988,2016-10-13 16:05:37 +0000,"Congratulations to one of my favorite poets, Bob Dylan, on a well-deserved Nobel. https://t.co/c9cnANWPCS","[tweet, president, 2016]"
616335694928199680,2015-07-01 20:00:55 +0000,congratulations! hope you guys are getting sleep. nothing beats babies! https://t.co/ymGM0HARad,
748620582216884224,2016-06-30 20:53:50 +0000,Congress is leaving a hefty to-do list undone. Health officials still need emergency funding to effectively protect Americans from Zika.,"[tweet, president, 2016]"
644193755814342656,2015-09-16 16:58:54 +0000,"Cool clock, Ahmed. Want to bring it to the White House? We should inspire more kids like you to like science. It's what makes America great.",
780906000391864320,2016-09-27 23:04:33 +0000,Couldn't be more proud of @HillaryClinton. Her vision and command during last night's debate showed that she's ready to be our next @POTUS.,"[tweet, president, 2016]"
767528566099701760,2016-08-22 01:07:24 +0000,"Couldn't be prouder of #TeamUSA. Your determination and passion inspired so many of us. You carried that flag high tonight, @Simone_Biles!","[tweet, president, 2016]"
780809121314504704,2016-09-27 16:39:35 +0000,Democracy is not a spectator sport. Don't give up your power to shape the future of the country we love. Vote: https://t.co/sUxB8TLc5r,"[tweet, president, 2016]"
687697228895399937,2016-01-14 18:06:10 +0000,despite court cases like citizens united ill work with orgs/states across US to find new ways 2 reduce $ in politics https://t.co/fuTdewJcyh,
628285077970153472,2015-08-03 19:23:30 +0000,"Despite what the critics will tell you, this plan will ultimately save the average American family nearly $85 a year on their energy bills.",
632212730209009664,2015-08-14 15:30:35 +0000,"Due to popular request, here are my vacation playlists: http://t.co/uer5sIl4Vk http://t.co/zHEekHvQBr What's your favorite summer song?",
623661992952377344,2015-07-22 01:13:00 +0000,"E.L. Doctorow was one of America's greatest novelists. His books taught me much, and he will be missed.",
684153926636015616,2016-01-04 23:26:21 +0000,"Each year, more than 30,000 American lives are cut short by guns - two-thirds coming from suicides. Too many Americans have lost loved ones.",
697928913457188864,2016-02-11 23:43:14 +0000,Einstein was right! Congrats to @NSF and @LIGO on detecting gravitational waves - a huge breakthrough in how we understand the universe.,"[tweet, president, 2016]"
749378629822545920,2016-07-02 23:06:02 +0000,Elie Wiesel was a great moral voice of our time and a conscience for our world. He was also a dear friend. We will miss him deeply.,"[tweet, president, 2016]"
670745089975721984,2015-11-28 23:24:25 +0000,Enjoyed stopping by Upshur Street Books today. Celebrate Small Business Saturday by supporting a business near you. https://t.co/udTcIhxtOC,
660866496474832896,2015-11-01 17:10:25 +0000,"Every American deserves quality, affordable health care. If you or a friend needs coverage, go to https://t.co/PJ7xIL6FjY and sign up now.",
747466445345349632,2016-06-27 16:27:42 +0000,Every woman has a constitutional right to make her own reproductive choices. I'm pleased to see the Supreme Court reaffirm that fact today.,"[tweet, president, 2016]"
616336742854078464,2015-07-01 20:05:05 +0000,EX-IM bank helps US companies export; that means good paying american jobs. optimistic that congress gets it done. https://t.co/UeBhgiL64B,
687692698573082624,2016-01-14 17:48:10 +0000,"Expanded pell grants, capped loan repayments at 10% income, but now want to also make 2 yrs community college free. https://t.co/RS9XFDpp9c",
612437278019973120,2015-06-21 01:50:00 +0000,Expressions of sympathy aren’t enough. It’s time we do something about this.,
768833523729903618,2016-08-25 15:32:50 +0000,"Felicitaciones, @JuanManSantos and Colombia. After decades of war, we stand with you in building a future of peace. https://t.co/haXJaqgS9f","[tweet, president, 2016]"
764961309767131136,2016-08-14 23:06:03 +0000,Final win for Phelps. World record for Ledecky. 3 #1 finishes for Biles. That's how #TeamUSA gets America to 1000 golds-way to make history.,"[tweet, president, 2016]"
787662124197830656,2016-10-16 14:30:59 +0000,"For a century, Planned Parenthood has made it possible for women to determine their own lives. Here's to another #100YearsStrong.","[tweet, president, 2016]"
788098889140219904,2016-10-17 19:26:31 +0000,"For the loved ones we've lost and the ones we can still save, thank you Joe for putting us on the path to ending cancer as we know it. https://t.co/O0twPYcRSc","[tweet, president, 2016]"
714084384010272768,2016-03-27 13:39:18 +0000,"From my family to yours, Happy Easter, and we wish everyone celebrating a blessed and joyful day. https://t.co/fNvcihSmYB",
680464195993911296,2015-12-25 19:04:41 +0000,"From the Obama family to yours, Merry Christmas! And a special thank you to all our men and women in uniform this holiday season.",
782594690738597888,2016-10-02 14:54:48 +0000,"Gandhiji believed in a world worthy of our children. In joining the Paris Agreement, @narendramodi &amp; the Indian people carry on that legacy.","[tweet, president, 2016]"
605841647193030657,2015-06-02 21:01:19 +0000,Glad the Senate finally passed the USA Freedom Act. It protects civil liberties and our national security. I'll sign it as soon as I get it.,
621121462649397249,2015-07-15 00:57:51 +0000,Good conversation with Tom Friedman on the deal we reached with Iran. It's a major step toward a safer world.  https://t.co/xwSrH9IoFG,
613130677303799809,2015-06-22 23:45:19 +0000,Good luck Team USA – make us proud out there! #OneNationOneTeam http://t.co/btu3dRXPbr,
671094262826704896,2015-11-29 22:31:55 +0000,Good news: the world now adds more clean power capacity each year than dirtier fossil-fuel based power capacity. https://t.co/nrNiwDAKuN,
612433183297142784,2015-06-21 01:33:44 +0000,"Good point, Mitt. https://t.co/Ryusfp8Xbh",
600407380279566336,2015-05-18 21:07:29 +0000,"Good question, @billclinton. The handle comes with the house. Know anyone interested in @FLOTUS?",
659196797701763072,2015-10-28 02:35:38 +0000,Good to be home for a night. Even better to see the @chicagobulls start the season off right! #SeeRed,
698574908247425024,2016-02-13 18:30:11 +0000,Got a view yesterday of the lands we protected in CA. We owe it to our kids to preserve America's natural beauty. https://t.co/8OR9MrupyG,"[tweet, president, 2016]"
616340901351264256,2015-07-01 20:21:36 +0000,"Gotta go, but this was fun. Let's keep the health care conversation going - share how the #ACAWorks for you or your family.",
687698446619312128,2016-01-14 18:11:01 +0000,great - we need well-meaning folks from all stripes to get info on how we can respect 2A and reduce gun violence https://t.co/dZ0vRltrZg,
758867227328163841,2016-07-29 03:30:20 +0000,"Great speech. She's tested. She's ready. She never quits. That's why Hillary should be our next @POTUS. (She'll get the Twitter handle, too)","[tweet, president, 2016]"
745272915780743168,2016-06-21 15:11:24 +0000,"Gun violence requires more than moments of silence. It requires action. In failing that test, the Senate failed the American people.","[tweet, president, 2016]"
684154637436370944,2016-01-04 23:29:11 +0000,"Guns now kill as many people as cars in almost half of the U.S. We can't stop every act of violence, but we can save lives if we act.",
622147491862028289,2015-07-17 20:54:55 +0000,Had a great visit today with Emma Didlake - our oldest living veteran at 110-years-young! She's a true American hero. http://t.co/EeeIC3AK4A,
707323697493704704,2016-03-08 21:54:45 +0000,"Happy #InternationalWomensDay! When women are free to pursue their dreams, nations are more safe, more secure, and more prosperous.",
626794365869010945,2015-07-30 16:39:56 +0000,"Happy 50th birthday, Medicare and Medicaid! Two programs, one promise: that every American deserves a basic measure of dignity and security.",
656926385882185728,2015-10-21 20:13:50 +0000,"Happy Back to the Future Day, @RealMikeFox! Ever think about the fact that we live in the future we dreamed of then? That's heavy, man.",
744656711596773380,2016-06-19 22:22:49 +0000,Happy Father's Day to all the dads out there. Glad to be spending this one with my family in Yosemite. https://t.co/SaNJgmoIK1,"[tweet, president, 2016]"
749966042135293952,2016-07-04 14:00:12 +0000,"Happy Fourth of July, everybody! And to our brave men and women in uniform: On this day and every day, we thank you.","[tweet, president, 2016]"
772841067276333056,2016-09-05 16:57:23 +0000,"Happy Labor Day - longest streak of job growth ever, unemployment cut in half. That's what hardworking Americans can do. Let's keep going!","[tweet, president, 2016]"
669923936574922752,2015-11-26 17:01:27 +0000,"Happy Thanksgiving, everyone! Today, we give thanks for all of our loved ones and the brave men and women in uniform who serve our country.",
616337090767405056,2015-07-01 20:06:28 +0000,"have principles and issues you are passionate about, and act; worry more about doing something than being something. https://t.co/QqbgflhXDY",
739095745584844800,2016-06-04 14:05:32 +0000,"He shook up the world, and the world's better for it. Rest in peace, Champ. https://t.co/z1yM3sSLH3",
689840000456794112,2016-01-20 16:00:47 +0000,Headed to the Detroit Auto Show today to showcase how our auto industry has come roaring back from the financial crisis. Here are the stats:,
656889342200188928,2015-10-21 17:46:38 +0000,Heading to West Virginia today to talk about the epidemic of prescription drug abuse in America and what we can do to help. The facts:,
687695122327158785,2016-01-14 17:57:48 +0000,"health care inflation lowest in decades since ACA passed; problem is more costs passed to workers thru copays, etc. https://t.co/ElBcrjxa6L",
616311028847112192,2015-07-01 18:22:54 +0000,Hello from Nashville! I'll be answering your questions on health care and the Affordable Care Act at 3:30pm ET. Tweet yours using #AskPOTUS.,
600324682190053376,2015-05-18 15:38:52 +0000,"Hello, Twitter! It's Barack. Really! Six years in, they're finally giving me my own account.",
612437042207834112,2015-06-21 01:49:04 +0000,"Here are the stats: Per population, we kill each other with guns at a rate 297x more than Japan, 49x more than France, 33x more than Israel.",
667020445066096640,2015-11-18 16:44:01 +0000,"Here, our focus is giving safe haven to the most vulnerable Syrians – women, children, and survivors of torture.",
700320856858189824,2016-02-18 14:07:58 +0000,Here's how we're looking at the road ahead: https://t.co/a0KcsmpF39,"[tweet, president, 2016]"
780244157625278464,2016-09-26 03:14:38 +0000,"Here's to The King who was as extraordinary on the links as he was generous to others. Thanks for the memories, Arnold. https://t.co/UlyfpIBOL2","[tweet, president, 2016]"
629342681962049538,2015-08-06 17:26:02 +0000,"Heroes like @RepJohnLewis, Dr. King, and countless others sacrificed so that all of our voices could be heard. http://t.co/L7kxtWQlYW",
674735966830116864,2015-12-09 23:42:45 +0000,"Herzlichen Glückwunsch to my friend and Time's Person of the Year, Angela Merkel! Thanks for your moral leadership and strong partnership.",
627560699347255297,2015-08-01 19:25:04 +0000,"Hey @StationCDRKelly, loving the photos. Do you ever look out the window and just freak out?",
687691919065915392,2016-01-14 17:45:04 +0000,Hey everyone! Ready to answer your questions here at McKinley High School in Baton Rouge. Let's do this. #AskPOTUS https://t.co/jA1MEbwcxg,
617542692952764417,2015-07-05 03:57:06 +0000,http://t.co/Ft3DwYWRJv,
784170804279992320,2016-10-06 23:17:43 +0000,"Hurricane Matthew is as serious as it gets. Listen to local officials, prepare, take care of each other. https://t.co/Vaf8Xubs0s","[tweet, president, 2016]"
609163576616615936,2015-06-12 01:01:29 +0000,I challenged them to a race. http://t.co/FpEUTnYgoD,
656263630741073920,2015-10-20 00:20:17 +0000,I got a chance to catch up with the @Space_Station crew today. Nothing like a call to space on #AstronomyNight! https://t.co/JVLzYDQ8Jo,
663813521289953281,2015-11-09 20:20:51 +0000,I just launched my Facebook page with a video on climate change. America will lead on this. The time to act is now. https://t.co/WG5y1FbhIA,
656153597932118018,2015-10-19 17:03:03 +0000,I just met with CEOs of some of our biggest companies who are stepping up to #ActOnClimate. It's good for the planet - and the bottom line.,
639508843773468672,2015-09-03 18:42:44 +0000,I loved Alaska and met so many inspiring people. Have to keep up the fight on climate change for their sake—and ours. http://t.co/HzWW0S6iQc,
628286472781754368,2015-08-03 19:29:02 +0000,I refuse to condemn our kids to a planet that's beyond fixing. Let's meet this challenge and #ActOnClimate together.,
790236602584948736,2016-10-23 17:01:02 +0000,"I'll say it: Holy Cow, @Cubs fans. Even this White Sox fan was happy to see Wrigley rocking last night. #FlyTheW","[tweet, president, 2016]"
647912497450606592,2015-09-26 23:15:51 +0000,I'm grateful for the teachers who helped spark my sense of curiosity. The #62MillionGirls who aren't in school should have that same chance.,
679773729749078016,2015-12-23 21:21:01 +0000,I'm proud of the @NBA for taking a stand against gun violence. Sympathy for victims isn't enough – change requires all of us speaking up.,
687081708886355968,2016-01-13 01:20:19 +0000,"I'm treating this last State of the Union just like my first - because I'm still just as hungry. I hope you tune in, because it's for you.",
693818704019193860,2016-01-31 15:30:44 +0000,"If you or someone you care about needs affordable health coverage, head over to https://t.co/A3qPizu4p2. Today's the last day to sign up!",
708345011037798400,2016-03-11 17:33:05 +0000,"Immigrants can now apply online to renew their green cards faster, and prep for the citizenship civics test online.",
629030795299147776,2015-08-05 20:46:43 +0000,Important detail – there are no secret deals. My staff can brief you on any question about any part of the deal. https://t.co/UO0B5xCOPh,
621084469970214914,2015-07-14 22:30:51 +0000,"In 1980, there were 500,000 people in American jails. Today, there are 2.2 million. Many belong. But too many are nonviolent offenders.",
689840513852137477,2016-01-20 16:02:49 +0000,"In 2009, auto sales hit a 27-year low. Last year, they hit an all-time high. https://t.co/pDc8W8mtb5",
643883952093073408,2015-09-15 20:27:51 +0000,"In 2009, our auto industry was flatlining. Now our workers are on pace to sell more American cars and trucks than any year since 2001.",
600388258665787392,2015-05-18 19:51:30 +0000,"In Camden today, seeing first-hand how smart policing is making the community safer while building trust. http://t.co/3MiWk43c8g",
611993830980747265,2015-06-19 20:27:54 +0000,"In the midst of darkest tragedy, the decency and goodness of the American people shines through in these families. https://t.co/aYtAKrWwCY",
637733790090199040,2015-08-29 21:09:18 +0000,"In Treme, I was inspired by the progress &amp; people 10 years after Katrina. It gives us hope, but our work isn't done. http://t.co/LDqsARhnZt",
757763701101490176,2016-07-26 02:25:19 +0000,"Incredible speech by an incredible woman. Couldn't be more proud &amp; our country has been blessed to have her as FLOTUS. I love you, Michelle.","[tweet, president, 2016]"
750379001546416128,2016-07-05 17:21:09 +0000,"Incredible! After a 5-year journey, we're up close and personal with our solar system's largest planet. Welcome to Jupiter, @NASAJuno!","[tweet, president, 2016]"
611675003436843008,2015-06-18 23:20:59 +0000,Inspired by what @Pontifex wrote on climate change. Agree we have a moral responsibility to act to protect our kids and God's creation.,
703359876483977217,2016-02-26 23:23:57 +0000,"Isiah, I'm so proud of you. Your kindness and willingness to help others is why I'm so hopeful for our future. https://t.co/RakSNxe7rk","[tweet, president, 2016]"
617430014422843392,2015-07-04 20:29:21 +0000,"It doesn't get much better than celebrating America with the people you love. Happy Fourth of July, everyone!",
794057504871346176,2016-11-03 06:03:56 +0000,It happened: @Cubs win World Series. That's change even this South Sider can believe in. Want to come to the White House before I leave?,"[tweet, president, 2016]"
616441802023960576,2015-07-02 03:02:33 +0000,It's not mine; just a loaner. Maybe you can come play at the White House sometime instead?  https://t.co/srZKB6plzz,
794322003754790913,2016-11-03 23:34:58 +0000,"It's pretty simple: Find a plan, get covered, earn some peace of mind. Start today: https://t.co/PJ7xIKP3Vo https://t.co/ZBQdNz8s80","[tweet, president, 2016]"
629028301454094336,2015-08-05 20:36:48 +0000,"It's the strongest nuclear deal ever negotiated. There's no such thing as a ""better deal."" Walking away risks war. https://t.co/la7GhQXfzl",
628283044772868097,2015-08-03 19:15:25 +0000,"It's time to change that. With the Clean Power Plan, by 2030, carbon pollution from power plants will be 32% lower than it was a decade ago.",
603959253334822913,2015-05-28 16:21:21 +0000,Just got a hurricane preparedness briefing in Miami. Acting on climate change is critical. Got climate Qs? I'll answer at 1pm ET. #AskPOTUS,
695381352988848128,2016-02-04 23:00:08 +0000,Just got great news - nearly 13 million Americans signed up this round for private health insurance thanks to the Affordable Care Act.,"[tweet, president, 2016]"
697185842209689601,2016-02-09 22:30:32 +0000,"Just got off the phone with Coach Kubiak. Congrats to Peyton, Von Miller, and that monster @Broncos defense - see you at the White House!","[tweet, president, 2016]"
623137065341952000,2015-07-20 14:27:08 +0000,Just got this new blue marble photo from @NASA. A beautiful reminder that we need to protect the only planet we have. http://t.co/JQ3174P0LF,
785511825395765248,2016-10-10 16:06:27 +0000,"Just like Michelle says, when they go low, we go high. @HillaryClinton went high and showed why she'll be a POTUS for all Americans.","[tweet, president, 2016]"
621081548029345792,2015-07-14 22:19:14 +0000,"Just spoke to the NAACP about criminal justice reform, something many broadly agree on. Some stats:",
627211041466941441,2015-07-31 20:15:39 +0000,"Launching a pilot program to help students in prison pay for college, because everyone willing to work for it deserves a second chance.",
628280902817304578,2015-08-03 19:06:54 +0000,"Levels of carbon dioxide in our atmosphere are higher than they’ve been in 800,000 years. 2014 was the planet’s warmest year on record.",
761640808009302016,2016-08-05 19:11:33 +0000,"Longest streak of total job growth on record, wages rising at fastest pace in 7 years. We've come a long way, America—let's keep it going.","[tweet, president, 2016]"
708348813858054145,2016-03-11 17:48:12 +0000,"Looking forward to discussing more ways we can modernize government so it's as smart and dynamic as America itself. See you soon, Austin.",
687650227558326272,2016-01-14 14:59:24 +0000,Looking forward to hearing your ideas about what we can accomplish this year &amp; beyond. I'll answer your questions on #AskPOTUS at 12:30p ET.,
687694645090844672,2016-01-14 17:55:54 +0000,"love em all, but as a bulls fan got to go with mj. in baton rouge, just met lsu freshman ben simmons - will be great https://t.co/Du1gflVYp4",
621088588583800832,2015-07-14 22:47:13 +0000,Mass incarceration doesn't work. Let's build communities that give kids a shot at success and prisons that prepare people for a 2nd chance.,
646390309551775744,2015-09-22 18:27:13 +0000,Millions of families are more secure thanks to the ACA. Join them and #GetCovered on Nov 1: http://t.co/PJ7xIL6FjY  https://t.co/GF6yS0aHol,
614114880786956288,2015-06-25 16:56:11 +0000,More than 137 million Americans have guaranteed access to preventive care like cancer screenings and birth control at no out-of-pocket cost.,
614104506410901504,2015-06-25 16:14:58 +0000,More than 16 million Americans have gained health coverage after 5 years of the Affordable Care Act.,
708346091578593280,2016-03-11 17:37:23 +0000,Nearly 1 in 3 American families struggle to afford diapers. We're working with the private sector to help fix this. https://t.co/fxvdOCFeET,
769204867235667969,2016-08-26 16:08:26 +0000,"Nearly 100 years ago, women broke down barriers to the ballot box, moving us closer to a more equal nation. Let's finish what they started.","[tweet, president, 2016]"
648542324167974917,2015-09-28 16:58:34 +0000,"Nearly 12 million people have been displaced by the conflict in Syria. As Americans, we can't sit idly by. That's not who we are.",
687693536204996608,2016-01-14 17:51:30 +0000,new LA gov edwards just expanded medicaid; gets 1000s coverage &amp; helps the state budget. more states need to follow  https://t.co/08mDX2H4Pt,
687694262226432000,2016-01-14 17:54:23 +0000,"new power plant rule reduces biggest source of CO2; now we need to invest in clean energy tech, energy efficiency. https://t.co/gQg3FEHXxo",
700320240022921216,2016-02-18 14:05:31 +0000,"Next month, I'll travel to Cuba to advance our progress and efforts that can improve the lives of the Cuban people.","[tweet, president, 2016]"
717026378739290112,2016-04-04 16:29:45 +0000,Nobody should have to choose between losing a paycheck &amp; caring for their family. I applaud @NYGovCuomo for taking a big step on paid leave.,
616335347174232064,2015-07-01 19:59:32 +0000,"not true - like last year, insurers request premium hikes, but must be approved; expect final increases to be less   https://t.co/WfJI2AOLkP",
786254141182074880,2016-10-12 17:16:09 +0000,"Now this was fun. Artificial intelligence, space travel—hope you enjoy exploring new frontiers as much as I did. https://t.co/WWBUm5eJ08","[tweet, president, 2016]"
616336192443916289,2015-07-01 20:02:53 +0000,now's time to encourage states that held off for political reasons to do the right thing; contact state officials! https://t.co/QqUY3S9MoC,
785887247727857664,2016-10-11 16:58:15 +0000,"On International #DayoftheGirl, we remain committed to providing what we all want for our daughters: a future of limitless possibility.","[tweet, president, 2016]"
700319236451741697,2016-02-18 14:01:31 +0000,Our flag flies over our Embassy in Havana once again. More Americans are traveling to Cuba than at any time in the last 50 years.,"[tweet, president, 2016]"
781639251528081409,2016-09-29 23:38:14 +0000,"Our Olympians and Paralympians show the world that no matter what, with perseverance, we can do incredible things. Proud of you, #TeamUSA.","[tweet, president, 2016]"
646351288964354049,2015-09-22 15:52:10 +0000,Our right to vote is sacred. It's the foundation of our democracy. You can find out how to register to vote at http://t.co/8kaqY0U3fn.,
657641041361817600,2015-10-23 19:33:37 +0000,Our thoughts are with the Mexican people as they brace for Hurricane Patricia. USAID disaster experts are on the ground and ready to help.,
789096632537055232,2016-10-20 13:31:12 +0000,Outstanding 3 for 3 debate sweep for @HillaryClinton! Nobody has ever been more prepared to be @POTUS.,"[tweet, president, 2016]"
687695621810032640,2016-01-14 17:59:47 +0000,overwhelming majority of americans understand of diversity and religious pluralism is one of our greatest strengths  https://t.co/AM1JLoA1TI,
782218662228942848,2016-10-01 14:00:36 +0000,Paid leave shouldn't be a luxury. It's a basic necessity that we should secure for every working American. https://t.co/OPeQiVPJlK,"[tweet, president, 2016]"
616339733132804096,2015-07-01 20:16:58 +0000,"people lack info/turned off by political noise. w court case done, let's focus on getting people signed up. https://t.co/vFCDgMXSE9",
687698858948726784,2016-01-14 18:12:39 +0000,places to start - @GabbyGiffords's https://t.co/ATm1M4iMgU and @Everytown,
704827179167846400,2016-03-02 00:34:29 +0000,Play ball! https://t.co/S4DhVYa4Ef,
621133763385425920,2015-07-15 01:46:43 +0000,Pluto just had its first visitor! Thanks @NASA - it's a great day for discovery and American leadership. http://t.co/FfztBSMbK0,
634413305516412928,2015-08-20 17:14:53 +0000,"President Carter is as good a man as they come. Michelle and I are praying for him and Rosalynn. We're all pulling for you, Jimmy.",
629064761188184064,2015-08-05 23:01:41 +0000,Pretty incredible time lapse of the dark side of the moon passing Earth from @NASA. American ingenuity at work! http://t.co/JKep9bcxGQ,
667018696137773056,2015-11-18 16:37:04 +0000,"Protecting the American people is my top priority. With our 65 global partners, we're leading the campaign to degrade and destroy ISIL.",
624691954224365568,2015-07-24 21:25:42 +0000,"Proud to be the first American President to visit Kenya. Happy to see family, and to talk with young Kenyans about the future.","[tweet, president, 2015, kenya, africa]"
719899559988740096,2016-04-12 14:46:44 +0000,Proud to designate the Belmont-Paul national monument for women's equality. Let's keep up their fight with #EqualPay for women today.,
779683020043419649,2016-09-24 14:04:52 +0000,Proud to help open @NMAAHC with so many heroes. African American history is a central part of our glorious American history.,"[tweet, president, 2016]"
710141204755783681,2016-03-16 16:30:31 +0000,Proud to nominate Judge Merrick Garland to the Supreme Court. I ask Senators to meet their constitutional duty and give him a fair hearing.,
748620388175798272,2016-06-30 20:53:03 +0000,Proud to sign laws to improve transparency and avert a crisis in Puerto Rico. I'd hoped to use my pen more often before Congress left town.,"[tweet, president, 2016]"
616338933962670080,2015-07-01 20:13:47 +0000,pushing to make 2 yrs comm college free; permit refinancing on student loans; push colleges to keep tuition low https://t.co/dTbTNDQSII,
603966058462973953,2015-05-28 16:48:24 +0000,Ready to answer your questions on climate change. Let's do this! #AskPOTUS http://t.co/5KrIb5jL6S,
761703659411345408,2016-08-05 23:21:18 +0000,Ready to root on #TeamUSA! Our team's unity and diversity makes us so proud - and reminds the world why America sets the gold standard.,"[tweet, president, 2016]"
616338528138608640,2015-07-01 20:12:10 +0000,"respect the nyt, but not buying peas in guac. onions, garlic, hot peppers. classic. https://t.co/MEEI8QHH1V",
628282174869999616,2015-08-03 19:11:58 +0000,"Right now, power plants account for about one-third of America’s carbon pollution. That’s more than our cars, airplanes, and homes combined.",
616417443246907392,2015-07-02 01:25:45 +0000,"RT @crazywritinfool: @POTUS #ACAWorks because I could switch insurance providers to get a lower rate. Couldn't before due to ""preexisting c…",
656546367083532292,2015-10-20 19:03:46 +0000,"RT @FactsOnClimate: Climate change threatens us all, and it will take all of us to solve it. Get the facts on how we can: https://t.co/D0uI…",
739817582514016256,2016-06-06 13:53:51 +0000,"RT @FLOTUS: Together, we are stronger. Together we can change tomorrow. Stand with us: https://t.co/kMuWTuXTdb #StateOfWomen
https://t.co/m…","[tweet, president, 2016]"
616418071683665920,2015-07-02 01:28:15 +0000,"RT @hotelkeys: @POTUS 
23yrold recent grad has full-time job but no insurance. Peace of mind that she can be on our plan. #ACAWorks",
632209808930828288,2015-08-14 15:18:58 +0000,"RT @JohnKerry: Pleased to be in #Havana for historic day @USEmbCuba. Incredible: last time #SecState visited #Cuba, FDR was @POTUS. http://…",
604024846574620674,2015-05-28 20:42:00 +0000,"RT @JustineinTampa: @POTUS I'm 30 now, but I've been promoting climate change since I was in the third grade! #ActOnClimate http://t.co/d77…",
604024486036393984,2015-05-28 20:40:34 +0000,"RT @LizHadly: @POTUS Love the #ActOnClimate. As scientist, I say global action more important than science now. #WeKnowEnoughToAct.",
748666260599218177,2016-06-30 23:55:20 +0000,RT @MarchofDimes: 2016 Nat'l Amb. Ismael was honored to meet @POTUS today &amp; talk about the need to help babies &amp; #ZAPzika! https://t.co/Zzw…,"[tweet, president, 2016]"
677991253259264000,2015-12-18 23:18:05 +0000,RT @NASA: .@NASA_Hubble found what looks like a cosmic lightsaber in our Milky Way galaxy: https://t.co/vVBSVTpH2L #StarWars https://t.co/P…,
616416358096572416,2015-07-02 01:21:26 +0000,RT @NotoriousLLT: Sister is legally blind &amp; on disability b/c of glaucoma. She needs care to keep sight she has left. With #ACA she can aff…,
780480428872306688,2016-09-26 18:53:29 +0000,RT @NYTNational: Census data shows 3.5 million Americans were able to raise their chins above the poverty line last year https://t.co/FEr5e…,"[tweet, president, 2016]"
616416832157818880,2015-07-02 01:23:19 +0000,RT @RandynAverysMom: #AskPOTUS my dad is a small biz owner and never had insurance. #ACA allowed him access to life saving cancer screening…,
714870949594603520,2016-03-29 17:44:50 +0000,RT @RepHalRogers: Honored to have our Commander-in-Chief @POTUS @RxSummit to lead this critical discussion about the nation's drug abuse ep…,
717131662170173440,2016-04-04 23:28:06 +0000,"RT @repjohnlewis: 48 yrs ago today, my friend, my brother, Dr. Martin Luther King, Jr. was shot and killed in Memphis, TN. The light of his…",
710141347051786244,2016-03-16 16:31:05 +0000,"RT @SCOTUSnom: Meet Chief Judge Merrick Garland, the President's nominee to the Supreme Court. #SCOTUSnominee https://t.co/ACujysyyDJ",
623502798366351360,2015-07-21 14:40:25 +0000,RT @TheIranDeal: The historic #IranDeal succeeds in verifying that Iran cannot obtain a nuclear weapon. Follow to get the facts: http://t.c…,
789265672404627456,2016-10-21 00:42:54 +0000,RT @vj44: We lit the @WhiteHouse pink tonight to commemorate Breast Cancer Awareness Month. Make sure to enroll in #ACA starting Nov. 1 htt…,"[tweet, president, 2016]"
772970240602836992,2016-09-06 01:30:41 +0000,"Sabaidii, Laos! Honored to be the first U.S. president to visit Laos and to begin a new partnership between our countries.","[tweet, president, 2016]"
656890709555843072,2015-10-21 17:52:04 +0000,"Sales of powerful painkillers have skyrocketed. In 2012, enough prescriptions were written to give every American adult a bottle of pills.",
708346933933416449,2016-03-11 17:40:44 +0000,Seniors can now apply for Social Security benefits online: https://t.co/jPEHLkNxfk,"[tweet, president, 2016]"
689843464951885824,2016-01-20 16:14:33 +0000,Seven years ago I bet on American workers and the American auto industry. I’d make that bet again any day of the week.,
667021784726769665,2015-11-18 16:49:20 +0000,Slamming the door in the face of refugees would betray our deepest values. That's not who we are. And it's not what we're going to do.,
656894040319791104,2015-10-21 18:05:18 +0000,So I'm eager to hear from folks in Charleston today on actions we can take to put recovery within reach for anyone who needs it.,
614552886731780097,2015-06-26 21:56:40 +0000,So inspired by the grace shown by the Simmons family and all the victims' families in Charleston. #HateWontWin http://t.co/jMS0SDUYui,
610536520387268608,2015-06-15 19:57:04 +0000,So proud of these White House mentorship grads. Can't wait to see all the great things you achieve. I believe in you! http://t.co/ao6k8ErjHI,
687046052822781952,2016-01-12 22:58:38 +0000,"So proud of you, Scott. How long is the delay up there? See you when you get back!  https://t.co/doBpaDeZXq",
687695962198781953,2016-01-14 18:01:08 +0000,"so we all need to speak out against bias and stereotypes, to protect the freedom of others, and our own as well.",
619509587272691712,2015-07-10 14:12:50 +0000,"South Carolina taking down the confederate flag - a signal of good will and healing, and a meaningful step towards a better future.",
602878130362146816,2015-05-25 16:45:21 +0000,Spent the morning at Arlington. Take time today to honor our fallen heroes. We're forever indebted to their families. http://t.co/hChhhOVCS3,
629343799299411969,2015-08-06 17:30:29 +0000,Thank you for all you've done to protect our sacred right to vote. It's as important today as it's ever been. https://t.co/ge74wu5nc1,
714871062865903616,2016-03-29 17:45:17 +0000,"Thank you for your leadership @RepHalRogers. This epidemic doesn't discriminate between red or blue, so it's up to all of us to do our part.",
745674203286773761,2016-06-22 17:45:58 +0000,Thank you John Lewis for leading on gun violence where we need it most. https://t.co/vctfqAH5Wt,"[tweet, president, 2016]"
783771904297447424,2016-10-05 20:52:38 +0000,Thank you to every nation that moved to bring the Paris Agreement into force. History will judge today as a turning point for our planet.,"[tweet, president, 2016]"
722217866330636288,2016-04-19 00:18:52 +0000,"Thank you, Adrianne, for being Boston Strong. Terror and bombs can't beat us. We carry on. We finish the race! https://t.co/55hmcsCHbJ",
640566616925818880,2015-09-06 16:45:57 +0000,"Thank you, Colin, for putting your experience and expertise behind this important initiative for our country. https://t.co/bSnaLMs8CU",
603976385044971520,2015-05-28 17:29:26 +0000,"Thanks for the questions! This was fun. I've got to run, but let’s do it again soon. Tell me what you're doing to #ActOnClimate.",
628283831104237569,2015-08-03 19:18:32 +0000,"Thanks to this plan, there will be 90,000 fewer asthma attacks among our kids and we'll avoid 3,600 premature deaths in 2030.",
649748792099622912,2015-10-02 00:52:38 +0000,"Thanks, Zack. https://t.co/gOGzWmYdxQ",
621086198254145536,2015-07-14 22:37:43 +0000,The $80 billion we spend each year on incarcerations could double the salary of every high school teacher in America.,
621085397007888384,2015-07-14 22:34:32 +0000,The $80 billion we spend each year to keep people incarcerated could pay for universal pre-K for every 3-year-old and 4-year-old in America.,
629030461449338881,2015-08-05 20:45:23 +0000,The choice is ultimately between diplomacy and war. Iran's nuclear program accelerates if Congress kills this deal. https://t.co/nvBeO1Omko,
684158987185614849,2016-01-04 23:46:28 +0000,"The gun lobby may be holding Congress hostage, but they can't hold America hostage. We can't accept this carnage in our communities.",
748621673578958849,2016-06-30 20:58:10 +0000,"The list goes on. When Members return, I hope they'll share my commitment to work together to do what must be done. https://t.co/l8nChcXpml","[tweet, president, 2016]"
636235501658222592,2015-08-25 17:55:38 +0000,The National Park Service: 99 years and 84 million acres strong. Congrats to all who work to protect these treasures. http://t.co/R8RyB9vkVW,
687697711605272576,2016-01-14 18:08:05 +0000,"the night aca passed; standing on truman balcony with all staff whod made it happen, knowing we'd helped millions. https://t.co/eUr3rZ3UN7",
675062773307588610,2015-12-10 21:21:21 +0000,The opioid epidemic is destroying lives. We need to put treatment within reach of anyone who needs it. https://t.co/RJfKkield9,
691735740649050112,2016-01-25 21:33:47 +0000,The science couldn't be clearer - we owe it to our kids to do everything we can to combat climate change. https://t.co/497Wkkve58,
675812094902714369,2015-12-12 22:58:54 +0000,"The strong Paris agreement on climate means a safer, more secure world for our kids. A perfect example of what American leadership can do.",
762030430954684416,2016-08-06 20:59:47 +0000,The struggle for the Voting Rights Act taught us that people who love this country can change it. Don't give away your power - go vote.,"[tweet, president, 2016]"
614119220440367105,2015-06-25 17:13:26 +0000,"The uninsured rate is the lowest it's ever been. Let's keep at it until every American has quality, affordable health insurance.",
616337692582899712,2015-07-01 20:08:51 +0000,there's a hardship exemption; fine only applies to folks who can afford insurance but choose not to. https://t.co/XWFEKbZCaT,
664853410135613440,2015-11-12 17:13:00 +0000,"This is an American hero: Capt. Groberg put it all on the line for his team. On his worst day, he gave us his best. https://t.co/WdWAPswJpE",
755803507760902144,2016-07-20 16:36:13 +0000,"This map says it all. Stay safe as it heats up: Drink water, stay out of the sun, and check on your neighbors. https://t.co/c1qFTmq2IV","[tweet, president, 2016]"
737267478661730304,2016-05-30 13:00:39 +0000,"This Memorial Day, I hope you'll join me in acts of remembrance. The debt we owe our fallen heroes is one we can never truly repay.",
606226830241046528,2015-06-03 22:31:54 +0000,This was a fun briefing: My science advisor just showed me this Hubble shot of the most crowded place in our galaxy. http://t.co/E2SeO9tumt,
611227969030328321,2015-06-17 17:44:38 +0000,Thrilled to formally recognize @LorettaLynch as the people's lawyer. You'll have no better partner in the fight for equality and justice.,
727561463993270272,2016-05-03 18:12:25 +0000,To my 5th grade teacher Ms. Mabel Hefty and the educators who inspire our young people every single day: Thank you. https://t.co/fz2ij8daBg,
614435467120001024,2015-06-26 14:10:05 +0000,"Today is a big step in our march toward equality. Gay and lesbian couples now have the right to marry, just like anyone else. #LoveWins",
689100817580867584,2016-01-18 15:03:32 +0000,Today we honor a man who challenged us to bend the arc of the moral universe toward justice. Let's keep working to realize Dr. King's dream.,
638403631306248192,2015-08-31 17:31:01 +0000,"Today we’re returning Mount McKinley to its native name - Denali, a step to reflect the heritage of Alaska Natives. http://t.co/WyzQImKymX",
732266263528001537,2016-05-16 17:47:36 +0000,"Today, I join all Americans in honoring 13 officers who went beyond the call of duty to save the lives of strangers. https://t.co/OufzQ70ovH",
796018814072672256,2016-11-08 15:57:29 +0000,"Today, progress is on the ballot. Go vote - then make sure your friends, your family, and everyone you know votes too.","[tweet, president, 2016]"
723568187447500800,2016-04-22 17:44:33 +0000,"Today, the US joined some 170 nations to sign the Paris Agreement - an historic step this Earth Day to protect the one planet we've got.",
664466446102216704,2015-11-11 15:35:20 +0000,"Today, we honor the incredible men and women who have served our country. Their sacrifice and selflessness is second to none.",
797128959578271744,2016-11-11 17:28:48 +0000,"Today, we honor those who honored our country with its highest form of service. We owe our veterans our thanks, our respect and our freedom.","[tweet, president, 2016]"
628280710017720321,2015-08-03 19:06:08 +0000,"Today, we're announcing America's Clean Power Plan—the most important step we've ever taken to combat climate change. Here are the facts:","[tweet, president, power, plan, policy]"
614101662349848576,2015-06-25 16:03:40 +0000,"Today's decision is a victory for every hardworking American. Access to quality, affordable health care is a right, not a privilege.",
642084092113256450,2015-09-10 21:15:51 +0000,Today's Senate vote on the Iran deal is a historic step toward preventing Iran from obtaining a nuclear weapon. The world is safer for it.,
684155537433309184,2016-01-04 23:32:45 +0000,"Tomorrow, I'm taking action to reduce gun violence and save lives - protecting the Second Amendment and our kids. https://t.co/vNqXEhaC9M",
761703867402686464,2016-08-05 23:22:08 +0000,"Tonight, the first-ever #TeamRefugees will also stand before the world and prove that you can succeed no matter where you're from.","[tweet, president, 2016]"
748541124524929024,2016-06-30 15:38:05 +0000,"Until next time, Justin. Good to know that Canada and the world will benefit from your leadership for years to come. https://t.co/T10g64niul","[tweet, president, 2016]"
784508784316063744,2016-10-07 21:40:44 +0000,Voted early today. Make sure you vote too: https://t.co/SUUmUADsHj https://t.co/NMesNhwsaG,"[tweet, president, 2016]"
616338019843461121,2015-07-01 20:10:09 +0000,was listening to outkast/liberation and the black keys/lonely boy this morning. https://t.co/1DP6CRdwlm,
697824490344968192,2016-02-11 16:48:18 +0000,"Way to ace your AP Calc test, Landon! You should come drop some knowledge at the White House Science Fair: https://t.co/hFaAgxVdEE","[tweet, president, 2016]"
667019384225996800,2015-11-18 16:39:48 +0000,We also win this fight with our values. America can ensure our own security while welcoming refugees desperately seeking safety from ISIL.,
738388734207512578,2016-06-02 15:16:07 +0000,We cannot accept our level of gun violence as the new normal. We must take action to prevent this from happening again &amp; again. #WearOrange,
621087343253057541,2015-07-14 22:42:16 +0000,We could eliminate tuition at every public college and university in America with the $80 billion we spend each year on incarcerations.,
648544017806938112,2015-09-28 17:05:17 +0000,We have a moral responsibility to do what we can for families forced from their homes. Find out how you can help at http://t.co/J8A6mTD6D4.,
693116531064967168,2016-01-29 17:00:33 +0000,We just took an important step on equal pay. Let's keep at it until every woman &amp; girl gets a fair shot at success: https://t.co/OJAsaK6ImG,
616334401157378048,2015-07-01 19:55:46 +0000,we need to encourage states to take advantage of medicaid expansion; could insure 4 mil more people in 22 states! https://t.co/S9RlkVB1An,
700319754054074368,2016-02-18 14:03:35 +0000,We still have differences with the Cuban government that I will raise directly. America will always stand for human rights around the world.,"[tweet, president, 2016]"
684156422179786752,2016-01-04 23:36:16 +0000,"We will keep guns out of the wrong hands, enforce our guns laws, and ensure those with serious mental illnesses get treatment.",
667019888234528768,2015-11-18 16:41:48 +0000,"We will provide refuge to at least 10,000 refugees fleeing violence in Syria over the next year after they pass the highest security checks.",
648543139196743680,2015-09-28 17:01:48 +0000,"We're also increasing the number of Syrian and other refugees we admit to the U.S. to 100,000 per year for the next two years.",
708344230729555970,2016-03-11 17:29:59 +0000,We've cut the time it takes students to apply for financial aid by two-thirds thanks to a simplified FAFSA form: https://t.co/WDD1UrSXIR,
643883096689913856,2015-09-15 20:24:27 +0000,We've cut the unemployment rate in half – from a high of 10% down to 5.1%. And we're not done. http://t.co/uRfaSoiGuA,
643886166769405952,2015-09-15 20:36:39 +0000,We've fought back because of you. We shouldn't slip back because of Congress. I urge them to send me a budget that invests in our future.,
701871557002407936,2016-02-22 20:49:53 +0000,We've made big strides in the fight against Malaria - saving millions of lives. That's American leadership at work. https://t.co/jVdeE4Qktw,"[tweet, president, 2016]"
648542721125294080,2015-09-28 17:00:08 +0000,We've provided more than $4.5 billion in humanitarian aid to help meet the needs of those impacted by the Syrian conflict.,
705090664086773764,2016-03-02 18:01:28 +0000,"Welcome back to Earth, @StationCDRKelly! Your year in space is vital to the future of American space travel. Hope gravity isn't a drag!",
646666671864852480,2015-09-23 12:45:23 +0000,"Welcome to the White House, @Pontifex! Your messages of love, hope, and peace have inspired us all.",
667021076094976002,2015-11-18 16:46:31 +0000,Welcoming the world’s vulnerable who seek the safety of America is not new to us. We've safely welcomed 3 million refugees since 1975.,
744734234179477504,2016-06-20 03:30:52 +0000,What a game and what a series for the @Cavs. Happy to see @KingJames bring it home for Cleveland!,"[tweet, president, 2016]"
611026361491324929,2015-06-17 04:23:31 +0000,What a team win for the Warriors and an epic season for Steph. Kudos to LeBron and the Cavs for an unbelievable effort under adversity.,
782762238616727552,2016-10-03 02:00:35 +0000,What a win by the USA in #RyderCup. Proud to see our guys bring the trophy back home. Arnie is smiling down.,"[tweet, president, 2016]"
617860799953010688,2015-07-06 01:01:08 +0000,What a win for Team USA! Great game @CarliLloyd! Your country is so proud of all of you. Come visit the White House with the World Cup soon.,
684157715837403136,2016-01-04 23:41:25 +0000,What's often ignored in this debate is that a majority of gun owners agree with commonsense steps to save lives.,
643884680253599744,2015-09-15 20:30:45 +0000,"When I took office, 15.4% of our population was uninsured. Today, we’ve cut that by more than a third. http://t.co/3OOqcz8Oxp",
643882408283086848,2015-09-15 20:21:43 +0000,"When I took office, 800,000 Americans lost their jobs each month. Our businesses have now added 13.1 million jobs over 66 straight months.",
643885400847593472,2015-09-15 20:33:37 +0000,"When I took office, the budget deficit had reached 9.2% of our GDP. We've cut that down to 2.8%. http://t.co/3viaw4b0bB",
659775465352249344,2015-10-29 16:55:03 +0000,Who knew community policing could involve the Nae Nae? Great example of police having fun while keeping us safe: https://t.co/ZGeTDm6OYw,
656892337939845120,2015-10-21 17:58:32 +0000,With no other disease do we expect people to wait until they're a danger to themselves or others to self-diagnose and seek treatment.,
614111236620427265,2015-06-25 16:41:43 +0000,Women can no longer be charged more for health coverage just for being women.,
747466642725056512,2016-06-27 16:28:29 +0000,"Women’s opportunities are expanded and our nation is stronger when all of our citizens have accessible, affordable health care.","[tweet, president, 2016]"
646786649251164160,2015-09-23 20:42:08 +0000,"Yogi Berra was an American original - a Hall of Famer, jovial prophet, &amp; a humble veteran. We'll miss you, Yogi, but your legacy ain't over.",
678656661024858112,2015-12-20 19:22:11 +0000,Zaevion Dobson died saving three friends from getting shot. He was a hero at 15. What's our excuse for not acting? https://t.co/hn98uGsjKZ,